data_date,ticker,name,regime,signal,conviction,p_sideways,p_bull,p_bear,cur_ret_pct,bars_in_regime,n,signal25,n25,close,sma50,sma200,sma_spread_pct,close_vs_sma50_pct,close_vs_sma200_pct,atr14,reference_stop,reference_target,reward_risk,pass_count,pass_all,pass_1_bull,pass_2_return,pass_3_hold,pass_4_conviction,pass_5_positive,pass_6_sample,pass_7_crosscheck,pass_8_sma,failed_rules
2026-10-01,FTNT,Fortinet,Bull,0.284,0.284,0.3704,0.4568,0.1728,14.54,2,211,0.2267,168,178.72,163.06,118.08,38.09,9.61,51.36,6.46,165.81,203.59,1.93,8,True,True,True,True,True,True,True,True,True,
2026-10-01,LITE,Lumentum,Bull,0.2295,0.2295,0.2131,0.5082,0.2787,18.34,3,139,0.1132,111,1045.78,873.99,741.67,17.84,19.66,41.0,67.15,911.49,1293.45,1.84,8,True,True,True,True,True,True,True,True,True,
2026-10-01,DELL,Dell Technologies,Bull,0.2281,0.2281,0.3158,0.4561,0.2281,9.59,15,126,0.1702,100,541.74,486.49,290.99,67.19,11.36,86.17,29.17,483.41,649.19,1.84,8,True,True,True,True,True,True,True,True,True,
2026-10-01,CRWD,CrowdStrike,Bull,0.2093,0.2093,0.2326,0.4884,0.2791,26.86,14,90,0.2368,72,266.09,218.06,152.8,42.71,22.02,74.14,11.75,242.59,308.72,1.81,8,True,True,True,True,True,True,True,True,True,
2026-10-01,STX,Seagate Technology,Bull,0.1964,0.1964,0.375,0.4107,0.2143,15.66,8,298,0.086,238,945.57,856.0,647.89,32.12,10.46,45.95,48.24,849.09,1118.71,1.79,8,True,True,True,True,True,True,True,True,True,
2026-10-01,MU,Micron Technology,Bull,0.1773,0.1773,0.2409,0.4682,0.2909,13.78,9,532,0.1341,425,1097.39,954.35,677.43,40.88,14.99,61.99,47.29,1002.81,1264.42,1.77,8,True,True,True,True,True,True,True,True,True,
2026-10-01,ANET,Arista Networks,Bull,0.1746,0.1746,0.4444,0.3651,0.1905,9.42,2,153,0.3429,122,204.49,192.8,158.51,21.63,6.06,29.01,7.07,190.35,229.4,1.76,8,True,True,True,True,True,True,True,True,True,
2026-10-01,AMAT,Applied Materials,Bull,0.1659,0.1659,0.3229,0.4215,0.2556,18.83,4,585,0.1094,468,529.3,487.56,426.26,14.38,8.56,24.17,19.65,490.0,598.04,1.75,8,True,True,True,True,True,True,True,True,True,
2026-10-01,AMD,Advanced Micro Devices,Bull,0.1644,0.1644,0.2877,0.4384,0.274,29.8,12,585,0.0802,468,615.73,511.65,372.59,37.32,20.34,65.26,23.78,568.16,698.81,1.75,8,True,True,True,True,True,True,True,True,True,
2026-10-01,MRVL,Marvell Technology,Bull,0.16,0.16,0.36,0.4,0.24,26.11,9,329,0.0385,263,268.08,225.47,165.97,35.85,18.9,61.52,13.09,241.9,313.63,1.74,8,True,True,True,True,True,True,True,True,True,
2026-10-01,FFIV,"F5, Inc.",Bull,0.1533,0.1533,0.365,0.3942,0.2409,12.62,13,342,0.2136,273,443.68,410.09,344.12,19.17,8.19,28.93,13.48,416.72,490.31,1.73,8,True,True,True,True,True,True,True,True,True,
